scale,extended_points,scans,selected_fraction,track_id_switches,point_range_rms,point_azimuth_rms,point_velocity_rms,track_range_rms,track_velocity_rms
0.25,True,219,0.9726,0,0.19385,0.01839,0.50331,0.14761,0.29546
0.5,True,219,0.9726,0,0.19753,0.0184,0.50596,0.15009,0.29983
1.0,True,219,0.9726,0,0.20861,0.01834,0.50818,0.16292,0.30128
2.0,True,219,0.9726,0,0.23613,0.01885,0.51304,0.18812,0.30887
4.0,True,219,0.9726,0,0.32033,0.02316,0.53759,0.27439,0.33838
8.0,True,219,0.9726,0,0.53576,0.03322,0.61085,0.47988,0.4297
0.25,False,219,0.9543,1,0.14181,0.00696,0.27181,0.14099,0.29827
0.5,False,219,0.9543,1,0.14315,0.007,0.27263,0.14162,0.29871
1.0,False,219,0.9543,1,0.15145,0.00714,0.27599,0.14674,0.30413
2.0,False,219,0.9543,1,0.17823,0.00756,0.28958,0.17038,0.31464
4.0,False,219,0.9543,1,0.26497,0.0154,0.31887,0.2484,0.34153
8.0,False,219,0.9498,2,0.48601,0.02973,0.43501,0.4517,0.43254
